sub,domain,tpl
,forogore,.net
www.,forogore,.net
,rottenland,.com
www.,rottenland,.com
,kaotic,.com
www.,kaotic,.com
,theync,.com
www.,theync,.com
,gorebook,.com
www.,gorebook,.com
www.,documentingreality,.com
www.,agresori,.com
,deadhouse,.xyz
,deadhouse,.org
,forum.deathaddict,.co
,runthegauntlet,.org
,horriblevideos,.com
www.,horriblevideos,.com
,krudplug,.net
www.,krudplug,.net
,deepgoretube,.site
,bizarrecrew,.com
,webhorror.blogspot,.com
www.,portaldojota,.com
,itemfix,.com
www.,itemfix,.com
www.,ndtv,.com
,saidit,.net
www.,saidit,.net
www.,hermantheshocker,.com
,megabizarro,.net
,watchpeopledie,.tv
,usacrime,.com
www.,livegore,.com
,seegore,.com
,alivegore,.com
www.,alivegore,.com
,crazyshit,.com
www.,crazyshit,.com
,goregrish,.com
,cutedeadguys,.net
,auscaps2.blogspot,.com
www.,sadistic,.pl
,bestgore,.fun
www.,atrocidades18,.net
www.,arquivos-atrocidades18,.win
www.,atrocidades18,.fans
,goredb,.com
,xgore,.net
,herdeaths,.net
,navratdoreality,.cz
,vidmax,.com
www.,zdterror,.com
www.,bitchute,.com
,goresee,.com
www.,goresee,.com
,elblogdelnarco,.com
,theworldwatch,.com
www.,gorecenter,.com
,killtv,.me